country;city
Japan;Tokyo
Japan;Osaka
France;Paris
Japan;Nagoya
Canada;Toronto
Japan;Yokohama
Canada;Montreal
Japan;Fukuoka
Canada;Vancouver
Japan;Sapporo
Japan;Kawasaki
Japan;Kobe
Japan;Kyoto
Japan;Saitama
Canada;Calgary
Japan;Hiroshima
Canada;Edmonton
Japan;Sendai
Canada;Ottawa
Canada;Winnipeg
Canada;Quebec City
Canada;Kitchener
Canada;Halifax
Canada;Victoria
Japan;Chiba
Japan;Setagaya
Japan;Kitakyushu
France;Marseille
Japan;Sakai
Japan;Niigata
Japan;Hamamatsu
Japan;Nerima
Japan;Ota-ku
Japan;Kumamoto
Japan;Sagamihara
Canada;Mississauga
Japan;Okayama
Japan;Edogawa
Japan;Adachi
Canada;Hamilton
Japan;Shizuoka
Japan;Honcho
Japan;Kawaguchi
Japan;Itabashi
Japan;Suginami-ku
Japan;Kagoshima
Canada;Brampton
Japan;Hachioji
Japan;Koto-ku
France;Lyon
Japan;Himeji
Japan;Utsunomiya
Canada;Surrey
Japan;Matsuyama
Japan;Ichikawa
Japan;Matsudo
Japan;Higashi-osaka
Japan;Nishinomiya-hama
France;Toulouse
Japan;Oita
Japan;Kurashiki
Japan;Katsushika-ku
Japan;Kanazawa
Japan;Fukuyama
Japan;Amagasaki
Japan;Fujisawa
Japan;Machida
Japan;Kashiwa
Japan;Shinagawa-ku
Japan;Aomori
Canada;Laval
Japan;Toyota
Japan;Takamatsu
Japan;Toyama
Japan;Toyonaka
Japan;Nagasaki
Japan;Hirakata
Japan;Gifu
Japan;Miyazaki
Japan;Minamisuita
Japan;Yokosuka
Japan;Okazaki
Canada;London
Japan;Ichinomiya
Japan;Toyohashi
Japan;Kita-ku
Japan;Takasaki
Japan;Nagano
Japan;Shinjuku
Japan;Nakano
Japan;Kawagoe
Japan;Wakayama
Japan;Nara
Japan;Koshigaya
Japan;Takatsuki
Japan;Tokorozawa
France;Nice
Japan;Otsu
Japan;Iwaki
Japan;Hirosaki
Japan;Maebashi
Japan;Asahikawa
Japan;Koriyama
Canada;Markham
Japan;Kochi
Japan;Naha
France;Nantes
Japan;Toshima
Japan;Yokkaichi
Japan;Kasugai
Canada;St. Catharines
Canada;Niagara Falls
Japan;Meguro
Canada;Vaughan
Japan;Oakashicho
Japan;Kurume
Japan;Akita
France;Montpellier
Japan;Sumida
Japan;Morioka
France;Strasbourg
Japan;Ibaraki
Japan;Fukushima
Canada;Gatineau
Canada;Windsor
Japan;Tsu
Japan;Minato
Japan;Fuchu
Japan;Mito
Japan;Ichihara
Japan;Yao
Japan;Nagaoka
Japan;Kakogawacho-honmachi
France;Bordeaux
Japan;Hiratsuka
Japan;Fukui
Japan;Soka
Japan;Bunkyo-ku
Japan;Tokushima
Japan;Shinozaki
Japan;Hakodate
Japan;Chofugaoka
Japan;Shibuya-ku
Japan;Chigasaki
Japan;Yato
Japan;Yamagata
Japan;Tsukuba-kenkyugakuen-toshi
Canada;Saskatoon
Japan;Fuji
Japan;Sasebo
France;Lille
Japan;Arakawa
Canada;Longueuil
Japan;Matsumoto
Japan;Neya
Japan;Saga
Canada;Burnaby
Japan;Kasukabe
Japan;Ageoshimo
Japan;Taito
Japan;Takarazuka
Japan;Atsugicho
Japan;Ota
France;Rennes
Japan;Hachinohe
Japan;Nishitokyo
Canada;Regina
Japan;Kure
Japan;Isesaki
Japan;Kodaira
Japan;Itami
Japan;Kamirenjaku
Japan;Nagareyama
Japan;Yachiyo
Japan;Matsue
Canada;Richmond
Japan;Higashi-Hiroshima
Japan;Hino
Japan;Suzuka
Canada;Richmond Hill
Japan;Kumagaya
Japan;Yamaguchi
Canada;Oakville
Japan;Anjomachi
Japan;Odawara
Japan;Kishiwada
Japan;Numazu
Japan;Tachikawa
Japan;Kofu
Japan;Tottori
Japan;Joetsu
France;Reims
Japan;Toyokawa
Japan;Chuo-ku
Japan;Narashino
Canada;Burlington
Japan;Uji
France;Toulon
Japan;Urayasu
Japan;Kamakurayama
France;Saint-Etienne
Japan;Hitachi
France;Le Havre
Canada;Barrie
Japan;Izumo
Japan;Niiza
Japan;Sakura
Japan;Tomakomai
Japan;Nishio
Japan;Oyama
Japan;Iwata
Japan;Takaoka
France;Grenoble
Canada;Oshawa
Japan;Obihiro
Japan;Hadano
Japan;Kushiro
Japan;Ube
Japan;Musashino
Canada;Sherbrooke
France;Villeurbanne
France;Dijon
Japan;Miyakonojo
Japan;Higashimurayama
Japan;Ogaki
Japan;Matsuzaka
France;Angers
Japan;Kariya
Japan;Hitachi-Naka
Japan;Tama
Japan;Tochigi
Japan;Noda
Japan;Ueda
Japan;Moriguchi
Japan;Kawashiri
Japan;Kukichuo
Japan;Asaka
Japan;Sayama
France;Nimes
Japan;Komaki
Japan;Toda
France;Clermont-Ferrand
Japan;Imabari
Japan;Iruma
Japan;Yonago
Japan;Misato
France;Le Mans
Japan;Kusatsu
Japan;Kakamigahara
Japan;Okinawa
Canada;Saguenay
France;Aix-en-Provence
Japan;Ashikaga
Canada;Levis
France;Brest
Japan;Fukayacho
Canada;Kelowna
France;Boulogne-Billancourt
Japan;Fujita
Canada;Abbotsford
Japan;Kokubunji
Japan;Ebina
France;Tours
Japan;Kuwana
Japan;Mino
Japan;Koga
Canada;Coquitlam
Japan;Ishizaki
Japan;Tsuchiura
Japan;Koganei
Japan;Zama
Japan;Shunan
Japan;Kisarazu
Japan;Yaizu
Japan;Inazawa
France;Amiens
Canada;Trois-Rivieres
Japan;Isahaya
Japan;Ome
Japan;Abiko
France;Limoges
Canada;Guelph
Japan;Narita
Japan;Onomichi
France;Annecy
Canada;Cambridge
Japan;Iwakuni
Japan;Seto
Canada;Whitby
Japan;Kadoma
Japan;Omiyacho
Japan;Osaki
Japan;Iizuka
Japan;Honcho
Japan;Daitocho
Japan;Matsubara
Japan;Kirishima
Japan;Uruma
France;Montreuil
Japan;Ise
Japan;Honmachi
Japan;Kashiwara
Japan;Urasoe
Japan;Tsuruoka
France;Saint-Denis
France;Perpignan
France;Orleans
Japan;Ebetsu
Japan;Fujimino
Japan;Handa
France;Besancon
Canada;Ajax
France;Metz
Japan;Kasuga
Japan;Akishima
Japan;Konosu
Japan;Ikoma
Japan;Aizuwakamatsu
Japan;Nobeoka
Canada;Langley
Japan;Beppu
Japan;Shibuya
France;Argenteuil
France;Rouen
Japan;Karatsu
Japan;Fujimi
Japan;Nasushiobara
Japan;Tokai
Japan;Koencho
Japan;Niihama
Japan;Sano
Japan;Hatsukaichi
Japan;Kamagaya
Japan;Kakegawa
Canada;Saanich
Japan;Nagahama
France;Mulhouse
Japan;Hofu
Japan;Hikone
Japan;Otaru
Japan;Higashiomi
Japan;Oshu
Japan;Habikino
Japan;Ichinoseki
France;Nancy
Canada;Terrebonne
Japan;Tondabayashicho
Japan;Kazo
Japan;Omuta
Japan;Shirayamamachi
Japan;Marugame
Canada;Milton
Japan;Sandacho
France;Caen
Japan;Mineshita
Japan;Ikeda
Canada;St. John's
Canada;Moncton
Japan;Tajimi
Canada;Thunder Bay
France;Courbevoic
Canada;Dieppe
Japan;Komatsu
Japan;Kiryu
France;Roubaix
Japan;Toride
Japan;Onojo
Canada;Waterloo
France;Nanterre
Japan;Inzai
Japan;Chikushino
Japan;Ginowan
Japan;Saijo
Japan;Isehara
France;Tourcoing
Japan;Sakado
France;Vitry-sur-Seine
Canada;Delta
Canada;Chatham
Japan;Kawachinagano
Japan;Kanoya
Japan;Konan
Canada;Red Deer
France;Creteil
Canada;Kamloops
Japan;Ashiya
France;Aubervilliers
Japan;Yashio
Japan;Inagi
Japan;Komae
France;Colombes
France;Levallois-Perret
Japan;Yotsukaido
Japan;Nisshin
Japan;Obu
Japan;Settsu
Japan;Wako
France;Aulnay-sous-Bois
Japan;Ama
France;Poitiers
Japan;Kitanagoya
Japan;Higashiyamato
Japan;Takasagocho-takasemachi
Japan;Warabi
France;Versailles
Japan;Ayase
France;Clichy
France;Issy-les-Moulineaux
Japan;Owariasahi
Japan;Nagaoka
Japan;Kunitachi
Canada;Newmarket
France;Champigny-sur-Marne
Japan;Shinkai
France;Rueil-Malmaison
Japan;Kiyose
Canada;White Rock
France;Saint-Maur-des-Fosses
Japan;Kashiba
France;Drancy
Japan;Izumiotsu
Japan;Katano
France;La Rochelle
France;Pau
France;Cannes
France;Montrouge
Japan;Okegawa
Japan;Joyo
Japan;Chiryu
Japan;Musashimurayama
France;Antibes
France;Vincennes
France;Calais
Japan;Kiyosu
Japan;Dazaifu
Japan;Hekinan
Japan;Yoshikawa
Japan;Tsurugashima
France;Ivry-sur-Seine
France;Neuilly-sur-Seine
France;Noisy-le-Grand
Japan;Yawata-shimizui
Japan;Chiyoda-ku
Japan;Toyoake
France;Cergy
France;Ajaccio
France;Venissieux
Japan;Hatogaya-honcho
Canada;New Westminster
France;Pantin
Japan;Fujiidera
Japan;Kashiwara
France;Antony
Japan;Kitamoto
Japan;Tomigusuku
France;Epinay-sur-Seine
France;Troyes
France;Maisons-Alfort
France;Sarcelles
France;La Seyne-sur-Mer
Japan;Nagakute
France;Villejuif
Japan;Tagajo
Japan;Yamatotakada
France;Le Blanc-Mesnil
France;Bondy
Japan;Hasuda
Japan;Osakasayama
Japan;Mukocho
Japan;Tsushima
France;Cherbourg
France;Suresnes
France;Saint-Ouen
Japan;Fussa
France;Bobigny
France;Chambery
France;Fontenay-sous-Bois
Japan;Koja
Japan;Nonoichi
Japan;Takaishi
France;Puteaux
France;Lorient
Japan;Zushi
France;Evry
France;Alfortville
Japan;Hamura
France;Meaux
France;Clamart
France;Chelles
Canada;Port Coquitlam
France;Sartrouville
France;Sevran
Japan;Shijonawate
France;Saint-Quentin
Japan;Fuchu
France;Massy
France;Corbeil-Essonnes
Japan;Shiogama
France;Choisy-le-Roi
France;Cagnes-sur-Mer
Japan;Shiraoka
France;Rosny-sous-Bois
France;Bayonne
France;Vaulx-en-Velin
France;Noisy-le-Sec
Japan;Iwakura
Japan;Takahama
Japan;Suzukawa
France;La Garenne-Colombes
France;Gennevilliers
Japan;Kasuya
France;Livry-Gargan
France;Garges-les-Gonesse
France;Bagneux
France;Bastia
France;Meudon
France;La Courneuve
France;Belfort
Canada;Dollard-des-Ormeaux
France;Bagnolet
France;Chatillon
France;Mantes-la-Jolie
Japan;Inuma
France;Malakoff
France;Talence
France;Chalon-sur-Saone
France;Charenton-le-Pont
France;Caluire-et-Cuire
France;Le Cannet
France;Valenciennes
Japan;Togo
France;Bron
France;Bois-Colombes
France;Saint-Brieuc
Japan;Kumatori
France;Vanves
France;Stains
France;Boulogne-sur-Mer
France;Reze
France;Gagny
France;Tarbes
France;Arras
France;Melun
France;Nogent-sur-Marne
Canada;Duncan
Japan;Katsuren-haebaru
Japan;Oizumi
France;Wattrelos
France;Le Kremlin-Bicetre
France;Annemasse
France;Franconville
France;Saint-Martin-d'Heres
France;Le Perreux-Sur-Marne
France;Le Pre-Saint-Gervais
France;Cachan
Japan;Nakama
France;Savigny-sur-Orge
France;Douai
France;Echirolles
France;Marcq-en-Baroeul
France;Poissy
Japan;Miyoshidai
France;Neuilly-sur-Marne
France;Villepinte
France;Chartres
France;Villefranche-sur-Saone
Japan;Kanie
France;Sainte-Genevieve-des-Bois
France;Pierrefitte-sur-Seine
France;Houilles
France;Les Lilas
France;Chatenay-Malabry
France;L'Hay-les-Roses
France;Conflans-Sainte-Honorine
France;Athis-Mons
France;Creil
France;Palaiseau
France;Villeneuve-Saint-Georges
France;Le Plessis-Robinson
France;Bezons
Japan;Oharu
Japan;Harima
Japan;Aizumi
France;Villemomble
France;Thonon-les-Bains
France;Schiltigheim
Japan;Fuso
France;Saint-Mande
Japan;Nishihara
France;Romainville
France;Clichy-sous-Bois
France;Chatou
France;Fresnes
Japan;Minamishiro
France;Roanne
France;Ermont
France;Agen
France;Pontoise
France;Viry-Chatillon
France;Les Mureaux
Japan;Koryo
France;Fontenay-aux-Roses
France;Montigny-le-Bretonneux
France;Villiers-sur-Marne
France;Vigneux-sur-Seine
France;Gentilly
France;Trappes
France;Thiais
France;Lens
France;Le Chesnay
France;Grigny
France;Saint-Cloud
France;Goussainville
France;Vandoeuvre-les-Nancy
France;Perigueux
France;Ris-Orangis
France;Sotteville-les-Rouen
France;Lievin
France;Begles
France;Oullins
France;Rillieux-la-Pape
Canada;Cote-Saint-Luc
France;Menton
France;Aix-les-Bains
France;Yerres
France;Savigny-le-Temple
France;Montfermeil
France;Les Pavillons-sous-Bois
France;Sannois
Japan;Kaita
France;Bourg-la-Reine
France;Villiers-le-Bel
France;Lambersart
France;Limeil-Brevannes
France;Guyancourt
France;Villeneuve-la-Garenne
France;Saint-Laurent-du-Var
France;Arcueil
France;Lomme
France;Dieppe
France;Soissons
France;Eaubonne
Japan;Ninomiya
Japan;Mizumaki
Japan;Chatan
France;Cenon
France;Saint-Sebastien-sur-Loire
France;La Madeleine
France;Villeparisis
France;Sucy-en-Brie
France;Saint-Gratien
France;Sevres
France;Brunoy
France;Vallauris
France;Taverny
France;Vichy
France;Champs-Sur-Marne
Japan;Ginan
France;Bussy-Saint-Georges
France;Armentieres
France;Elancourt
France;Le Bouscat
France;Mons-en-Baroeul
France;Alencon
France;Le Grand-Quevilly
France;Deuil-la-Barre
France;Joinville-le-Pont
France;Bethune
France;Biarritz
France;Cormeilles-en-Parisis
France;Orly
France;Le Petit-Quevilly
Japan;Oji
France;Maisons-Laffitte
France;Neuilly-Plaisance
France;Montigny-les-Cormeilles
France;Chaville
France;Rodez
France;Fontaine
France;Lormont
France;Eysines
France;Torcy
Canada;Sainte-Therese
Japan;Sanga
France;Montgeron
France;Croix
France;Montmorency
France;Loos
France;Sainte-Foy-les-Lyon
France;Morsang-sur-Orge
France;Longjumeau
France;Tassin-la-Demi-Lune
Japan;Kitajima
France;Velizy-Villacoublay
France;Sceaux
France;Le Mee-sur-Seine
France;Montigny-les-Metz
France;Herouville-Saint-Clair
France;Le Plessis-Trevise
France;Juvisy-sur-Orge
Japan;Kasamatsucho
Japan;Kanmaki
France;Chevilly-Larue
France;Saint-Pol-sur-Mer
France;La Celle-Saint-Cloud
France;Garches
France;Dammarie-le-Lys
France;Hellemmes-Lille
France;Le Bourget
France;Mantes-la-Ville
France;Saint-Maurice
France;Villeneuve-le-Roi
France;Saint-Michel-sur-Orge
Japan;Yonabaru
France;Wasquehal
France;Chilly-Mazarin
France;Acheres
France;Coudekerque-Branche
France;Fleury-les-Aubrais
Japan;Showa
France;Ronchin
France;Nogent-sur-Oise
France;Montereau-faut-Yonne
France;Soisy-sous-Montmorency
France;Saint-Cyr-l'Ecole
France;Saint-Fons
France;Lingolsheim
France;Cran-Gevrier
France;Faches-Thumesnil
France;Eragny
France;Bry-sur-Marne
Canada;Saint-Lambert
Japan;Kitagata
France;Moulins
France;Chamalieres
France;Mont-Saint-Aignan
France;Chennevieres-sur-Marne
France;Le Pecq
France;Vaureal
France;Bonneuil-sur-Marne
France;Le Raincy
Japan;Utazu
France;Viroflay
France;Bischheim
Japan;Tadaoka-higashi
France;Ecully
France;Les Clayes-sous-Bois
France;Maurepas
Canada;Kirkland
France;Floirac
Canada;Westmount
France;Lons-le-Saunier
Canada;Mont-Royal
France;Arnouville-les-Gonesse
France;Noisiel
France;Saint-Jean-de-la-Ruelle
Japan;Kawai
France;Le Vesinet
France;Montmagny
France;Hendaye
France;Saint-Leu-la-Foret
France;Marly-le-Roi
Japan;Oyamazaki
France;Jouy-le-Moutier
France;Carrieres-sous-Poissy
France;Lognes
France;Beausoleil
Japan;Toyoyama
France;Montargis
Canada;Sainte-Marthe-sur-le-Lac
France;Bois-d'Arcy
France;Carrieres-sur-Seine
France;Luce
France;Enghien-les-Bains
Canada;Esquimalt
France;Valenton
France;Lys-les-Lannoy
France;Haubourdin
Canada;Deux-Montagnes
France;Longwy
France;Saint-Brice-sous-Foret
France;Avon
France;Rive-de-Gier
France;Wattignies
France;Saint-Andre
France;Montesson
France;Anzin
Canada;L'Ancienne-Lorette
France;Ramonville-Saint-Agne
France;Courcouronnes
France;Mouvaux
France;Morangis
France;Fleury-Merogis
France;Persan
France;Fontenay-le-Fleury
France;Auray
France;Epinay-sous-Senart
France;Vaires-sur-Marne
France;Voisins-le-Bretonneux
France;Arpajon
France;Billere
France;Saint-Max
France;Montevrain
France;Saint-Andre-les-Vergers
Canada;Pincourt
France;Stiring-Wendel
France;Hoenheim
France;Ville-d'Avray
France;Talant
France;Deville-les-Rouen
France;Epinay-sur-Orge
France;Craponne
France;Dugny
France;Beaumont
France;Ormesson-sur-Marne
France;Chanteloup-les-Vignes
France;Maromme
France;Montigny-en-Gohelle
France;Jarville-la-Malgrange
France;Crosne
France;Gaillard
France;Caudebec-les-Elbeuf
France;Pierre-Benite
France;Tinqueux
France;L'Ile-Saint-Denis
France;Avranches
France;Marquette-les-Lille
France;Fosses
France;Croissy-sur-Seine
France;Igny
France;Sallaumines
France;Eybens
France;Neuville-les-Dieppe
France;Bougival
France;Ferney-Voltaire
France;Bures-sur-Yvette
Canada;Sidney
France;Bihorel
France;Le Plessis-Bouchard
France;Beauchamp
France;Le Portel
France;Vaucresson
France;Groslay
France;Ambilly
France;Evian-les-Bains
France;Perenchies
France;Billy-Montigny
France;Ablon-sur-Seine
France;Gournay-sur-Marne
France;Meythet
France;Aucamville
France;Sainte-Adresse
France;Boussy-Saint-Antoine
France;Terrenoire
France;Carbon-Blanc
France;La Verriere
France;La Ville-du-Bois
France;Fontaines-sur-Saone
France;Villemoisson-sur-Orge
France;La Mulatiere
France;Montlhery
France;Talange
France;Huningue
Canada;Bois-des-Filion
France;Sathonay-Camp
France;Le Port-Marly
France;Beuvrages
France;Guingamp
France;Grenay
France;Joeuf
France;Palavas-les-Flots
France;Esbly
France;Pont-de-Cheruy
France;Champagne-au-Mont-d'Or
Canada;Hampstead
Canada;Charlemagne
Canada;L'Epiphanie
Canada;Montreal-Ouest
Japan;Izumisano
Japan;Kani
Japan;Chikusei
Japan;Tsuyama
Japan;Sakata
Japan;Itoshima
Japan;Saku
Japan;Chitose
Japan;Munakata
Canada;Brantford
Japan;Iida
Japan;Omura
Japan;Kamisu
Japan;Shimada
Japan;Kanuma
Japan;Shibata
Canada;Cape Breton
Japan;Azumino
Japan;Sanjo
Japan;Higashi-Matsuyama
France;Avignon
Japan;Hanamaki Onsen
Canada;Lethbridge
Japan;Kitakami
Canada;Saint-Jean-sur-Richelieu
Canada;Clarington
Japan;Satsumasendai
Canada;Pickering
Japan;Imizucho
Canada;Nanaimo
Japan;Mihara
France;Dunkerque
Japan;Koka
Japan;Sakai
Canada;Sudbury
Japan;Fukuroi
Japan;Mobara
Japan;Gotenba
Japan;Kameoka
Japan;Kaizuka
Japan;Iga
Japan;Kitakoriyamacho
Japan;Ushiku
Canada;North Vancouver
Japan;Sekimachi
Canada;Brossard
Japan;Chita
Japan;Takayama
Japan;Moriyama
Canada;Repentigny
Japan;Yokotemachi
Canada;Chilliwack
Japan;Nakatsu
Japan;Omihachiman
Japan;Muroran
Japan;Shikokuchuo
Canada;Maple Ridge
Canada;Peterborough
Japan;Kimitsu
Japan;Kashiwazaki
Japan;Yonezawa
Japan;Gamagori
Japan;Akiruno
Japan;Echizen
Japan;Natori-shi
Japan;Gyoda
Japan;Hanno
Japan;Iwamizawa
Japan;Mooka
Japan;Maizuru
Japan;Kizugawa
France;Beziers
Japan;Honjo
Japan;Tsubame
Japan;Toyooka
Japan;Nikko
Japan;Ryugasaki
Japan;Aira
Japan;Nabari
Japan;Kai
Japan;Toyomamachi-teraike
Japan;Daisen
Japan;Fukuchiyama
Japan;Tosu
Japan;Kyotanabe
Japan;Nakatsugawa
Canada;Kawartha Lakes
Japan;Sasagawa
Japan;Tatebayashi
Japan;Amakusa
Japan;Miki
Japan;Tatsunocho-tominaga
Canada;Prince George
Japan;Yurihonjo
Japan;Inuyama
Japan;Kasama
Japan;Shibukawa
Canada;Sault Ste. Marie
Japan;Otawara
France;Merignac
Japan;Ishioka
France;Saint-Nazaire
Japan;Yukuhashi
Japan;Katori
Canada;Sarnia
Canada;Wood Buffalo
Japan;Moriya
Japan;Ritto
Canada;Chateauguay
Japan;Eniwa
Japan;Minami-Alps
Japan;Uwajima
France;Colmar
Canada;Saint-Jerome
Japan;Anan
Japan;Sabae
Japan;Tanabe
Japan;Soja
Japan;Odate
Canada;Drummondville
Japan;Fuefuki
Japan;Kashima
Canada;Saint John
Japan;Hashima
Japan;Yachimata
Japan;Fukutsu
Japan;Saiki
Canada;Caledon
France;Valence
Japan;Shiojiri
France;Pessac
Japan;Ina
France;Bourges
Canada;St. Albert
Japan;Ito
Japan;Yanagawa
Japan;Miyoshi
Japan;Sodegaura
Japan;Tamana
Japan;Tenri
Japan;Asahi
Japan;Tsuruga
France;Quimper
Japan;Kurihara
Canada;Granby
Japan;Shiroi
Japan;Nago
Canada;Medicine Hat
Japan;Kaga
Canada;Grande Prairie
Japan;Koshizuka
Japan;Fujioka
Japan;Tendo
Japan;Itoman
Japan;Mitoyo
Japan;Hita
Japan;Aisai
Canada;St. Thomas
Canada;Airdrie
France;Montauban
Canada;Halton Hills
Japan;Tamba
Japan;Sennan
Japan;Koga
Japan;Hashimoto
Japan;Yame
Japan;Shimotsuke
Japan;Towada
Japan;Sanyo-Onoda
France;Niort
Japan;Joso
Canada;Saint-Hyacinthe
Japan;Ogori
Japan;Kesennuma
Japan;Hyuga
Japan;Tahara
Japan;Chikuma
Japan;Shirakawa
Japan;Chichibu
Canada;Lac-Brome
Japan;Kitahiroshima
Japan;Tokoname
Japan;Date
Japan;Kokawa
Japan;Ishikari
Japan;Kosai
France;Beauvais
Canada;Fredericton
Japan;Choshi
Japan;Togane
Japan;Mizuho
Japan;Minokamo
Japan;Uki
Japan;Kudamatsu
Japan;Kan'onjicho
Japan;Tama
Japan;Murakami
Japan;Nogata
Canada;Blainville
Japan;Takizawa
Japan;Hidaka
Japan;Toki
France;Narbonne
Japan;Narutocho-mitsuishi
France;Hyeres
Canada;Aurora
France;La Roche-sur-Yon
Japan;Chino
Japan;Konan
Japan;Funato
France;Vannes
Japan;Minamiuonuma
Japan;Sakurai
France;Cholet
Japan;Annaka
Japan;Nihonmatsu
Japan;Sado
Japan;Hanyu
France;Frejus
Japan;Hamada
Japan;Naka
Japan;Mutsu
Japan;Tomiya
Japan;Imaricho-ko
Japan;Usa
Japan;Minami-Soma
Japan;Miyakojima
Canada;Welland
Japan;Izumi
Japan;Bando
Japan;Tsukubamirai
Canada;North Bay
Japan;Arao
Japan;Satte
Japan;Hannan
Japan;Nanao
Japan;Sakaidecho
France;Arles
France;Laval
Japan;Yuki
Japan;Kyotango
Japan;Miyako
Japan;Goshogawara
Japan;Susono
Japan;Nakagawa
Japan;Higashiura
Canada;Beloeil
Canada;Belleville
Japan;Yasu
Canada;Mirabel
Japan;Kameyama
Japan;Miyoshi
France;Albi
Canada;Shawinigan
Japan;Nichinan
France;Grasse
Japan;Chikugo
Japan;Noshiromachi
Japan;Tomisato
Japan;Suzaka
Japan;Tokamachi
Japan;Hikari
Japan;Asakura
Japan;Nomimachi
Japan;Midori
France;Martigues
Japan;Yamaga
Japan;Omitama
Canada;Brandon
Japan;Suwa
Japan;Ami
Canada;Rimouski
Japan;Oamishirasato
Japan;Sanmu
France;Evreux
Japan;Ishigaki
Japan;Shimotsucho-kominami
Japan;Ena
France;Saint-Priest
France;Aubagne
Japan;Okaya
Japan;Tonami
Japan;Higashine
Japan;Takeocho-takeo
France;Saint-Herblain
France;Charleville-Mezieres
Japan;Ono
France;Saint-Malo
Japan;Hitachi-ota
Japan;Kikugawa
France;Brive-la-Gaillarde
Japan;Nanto
Japan;Gosen
Japan;Tomioka
France;Carcassonne
France;Blois
Japan;Noboribetsu
Japan;Fujiyoshida
Japan;Sanuki
Japan;Hioki
Japan;Shimeo
Japan;Tamagawa
Japan;Izunokuni
Japan;Nakai
Canada;Cornwall
Japan;Kurayoshi
Japan;Kasaoka
Japan;Takashima
Japan;Kikuchi
Japan;Hokota
Japan;Shima
France;Salon-de-Provence
France;Chalons-en-Champagne
Canada;Stouffville
Japan;Kariya
Japan;Hokuto
Japan;Kitakata
France;Sete
Canada;Georgina
Canada;Victoriaville
Japan;Sugito
Japan;Nanjo
France;Chateauroux
Japan;Sakura
Japan;Tateyama
Japan;Iwanuma
Japan;Numata
Japan;Nagaizumi
Japan;Taketoyo
Japan;Kikuyo
Canada;Vernon
Japan;Masuda
Japan;Hagi
Canada;Saint-Eustache
Japan;Otofuke
Japan;Goshikicho-aihara-minamidani
Japan;Himi
Japan;Yatomi
France;Istres
Japan;Taniyama-chuo
Japan;Ogimachi
Japan;Shinshiro
France;Angouleme
Canada;Quinte West
Japan;Hokuto
Japan;Makinohara
Japan;Shimabara
Japan;Kota
Japan;Kobayashi
Japan;Miura
France;Bourg-en-Bresse
Japan;Obita
Canada;Charlottetown
Japan;Kasai
France;Ales
Japan;Akaiwa
Canada;Mascouche
Japan;Futtsu
Canada;West Vancouver
Canada;Salaberry-de-Valleyfield
Japan;Nakano
Canada;Rouyn-Noranda
Japan;Maniwa
France;Castres
Japan;Minamishimabara
Japan;Shimotsuma
Japan;Nanbei
Canada;Timmins
Japan;Yuzawa
France;Saint-Germain-en-Laye
Canada;Sorel-Tracy
Japan;Masaki
Japan;Kitaibaraki
Japan;Komoro
Canada;New Tecumseth
France;Compiegne
France;Thionville
Japan;Unzen
Japan;Amami
Japan;Sumoto
Japan;Awaji
France;Anglet
Japan;Uozu
Japan;Kato
France;Colomiers
France;Gap
Japan;Yomitan
Canada;Woodstock
Canada;Boucherville
Japan;Komono
Japan;Agano
Japan;Aizawa
Japan;Ozu
France;Montelimar
Japan;Itoigawa
Japan;Kasumigaura
Japan;Sagae
France;Draguignan
Japan;Kurobeshin
Japan;Mibu
Japan;Takikawa
Japan;Mitsuke
France;Joue-les-Tours
Japan;Shibata
Japan;Tamba-Sasayama
Japan;Higashimatsushima
Japan;Inashiki
Japan;Yoshinogawa
Japan;Umi
Japan;Hitachiomiya
Japan;Omagari
Japan;Sakuragawa
Canada;Mission
Japan;Ibusuki
Japan;Gujo
Japan;Nishiwaki
Japan;Tokai
Japan;Misawa
Japan;Ibara
Japan;Katsuragi
Canada;Vaudreuil-Dorion
Japan;Maibara
Japan;Tamamura
Japan;Seika
Japan;Kannan
Japan;Tsubata
Japan;Fuchucho
Japan;Soma
France;Villenave-d'Ornon
Japan;Mizunami
Japan;Komatsushimacho
Japan;Kanada
Japan;Yasugicho
Canada;Brant
France;Montlucon
Canada;Lakeshore
Canada;Innisfil
Japan;Uto
Japan;Morohongo
France;La Ciotat
Japan;Rifu
France;Saint-Raphael
Japan;Miyajima
Canada;Prince Albert
Japan;Setouchi
Japan;Atami
Japan;Usuki
Japan;Isumi
France;Meyzieu
France;Saint-Chamond
Japan;Minami-Boso
Japan;Kahoku
Japan;Kamata
France;Auxerre
Japan;Unnan
Canada;Langford Station
Japan;Ozu
Canada;Bradford West Gwillimbury
France;Nevers
Canada;Campbell River
Japan;Tamura
Japan;Iyo
France;Macon
France;Haguenau
Japan;Seiyo
France;Six-Fours-les-Plages
Japan;Sosa
Japan;Shingu
Japan;Awa
Japan;Abashiri
Japan;Ofunato
Japan;Goto
Japan;Inabe
Japan;Shinjo
Japan;Toon
France;Cambrai
France;Marignane
Japan;Shiso
France;Romans-sur-Isere
Japan;Uonuma
Canada;Spruce Grove
Japan;Mizuho
France;Vitrolles
Japan;Ojiya
Canada;Moose Jaw
Canada;Penticton
Japan;Sakaiminato
Japan;Osawa
Canada;Port Moody
Japan;Taishi
Japan;Date
Japan;Shobara
Japan;Hayama
Japan;Watari
Japan;Minamikyushu
Japan;Asakuchi
Japan;Shimotoba
Japan;Kamaishi
Japan;Bungoono
Japan;Mashiki
Japan;Wakabadai
Japan;Yamanashi
Canada;Leamington
Japan;So
Japan;Oiso
Japan;Kuji
Japan;Yufu
Japan;Kaizu
France;Epinal
Japan;Motosu
Japan;Shiroishi
France;Plaisir
Canada;East Kelowna
Japan;Minamisatsuma
Japan;Shimanto
Japan;Yorii
Japan;Tawaramoto
Japan;Zentsujicho
Japan;Konan
France;Chatellerault
Japan;Namerikawa
Japan;Shimizucho
Japan;Nagato
Japan;Bizen
Japan;Odacho-oda
Japan;Shima
Japan;Yaese
Japan;Chuo
Japan;Namegata
Japan;Komagane
France;Dreux
France;Saint-Medard-en-Jalles
Japan;Sasaguri
Japan;Katagami
Canada;Val-d'Or
Canada;Owen Sound
Japan;Kuroishi
Japan;Maebara
Japan;Ayabe
Japan;Yawatahama-shi
Japan;Ibaraki
Japan;Okagaki
Japan;Hitoyoshi
Canada;Stratford
Japan;Kaminokawa
Canada;Lloydminster
Canada;Pointe-Claire
Japan;Yaita
France;Maubeuge
Canada;Orillia
Japan;Nantan
Japan;Omaezaki
Japan;Kamisato
Japan;Inami
Japan;Kanzakimachi-kanzaki
Canada;Alma
France;Vienne
Canada;Orangeville
Canada;Fort Erie
Japan;Yanai
Japan;Yunoshima
Japan;Motomiya
France;Draveil
Japan;Nanyo
France;Mont-de-Marsan
Japan;Ono
Japan;Hirakawacho
Japan;Togitsu
Japan;Tsuru
Japan;Myoko
France;Decines-Charpieu
Japan;Tsuruno
Japan;Matsubushi
Japan;Sue
Japan;Yoshida
Canada;LaSalle
Canada;Sainte-Julie
France;Saint-Etienne-du-Rouvray
Japan;Chikuzen
Canada;Leduc
Japan;Inagawa
Japan;Kitaakita
Canada;North Cowichan
France;Bourgoin-Jallieu
France;Agde
France;Carpentras
Japan;Takanezawa
Japan;Tomi
Japan;Shibushi
Japan;Agui
France;Orange
Japan;Kaminoyama
Japan;Ikaruga
France;Tournefeuille
Japan;Koshu
Canada;Chambly
Japan;Nirasaki
Japan;Hanawa
Japan;Hirado
Canada;Okotoks
Japan;Takahashi
Japan;Ogawa
Japan;Oyabe
France;Bretigny-sur-Orge
Japan;Saito
Japan;Aioi
Japan;Asago
Japan;Izu
Canada;Sept-Iles
Japan;Tsushima
Japan;Higashikagawa
Japan;Taiwa
Japan;Hiji
Japan;Obama
Japan;Honcho
Canada;Centre Wellington
Japan;Mima
Japan;Tainai
Japan;Yahaba
France;Illkirch-Graffenstaden
Japan;Kakuda
Japan;Hikawa
Japan;Kashima
France;Orvault
Japan;Ouda-yamaguchi
Japan;Uchinada
France;Sens
Japan;Kitsuki
Japan;Itako
Japan;Ukiha
France;Miramas
France;Rambouillet
Japan;Gojo
Japan;Niimi
France;Montbeliard
Japan;Takahagi
France;Lunel
Canada;Saint-Constant
Japan;Awara
Japan;Ichikikushikino
France;Gonesse
Canada;Grimsby
France;Bergerac
Japan;Akitakata
Japan;Miki
France;Henin-Beaumont
Japan;Nayoro
France;Gradignan
Japan;Tarui
France;La Garde
France;Saumur
Japan;Yoro
Canada;Boisbriand
Japan;Miyanaga
Japan;Otake
Japan;Toin
France;Cavaillon
Japan;Shingu
France;Blagnac
Japan;Makubetsu
Japan;Ora
Japan;Arida
Japan;Kami
France;Aurillac
France;La Teste-de-Buch
France;Saint-Ouen-l'Aumone
Japan;Saikaicho-kobago
Canada;Conception Bay South
Canada;Saint-Bruno-de-Montarville
France;Vierzon
Japan;Oguchi
Japan;Nagai
Japan;Tosa
Japan;Omachi
France;Etampes
Japan;Miyaki
Japan;Kunisakimachi-tsurugawa
Canada;Cochrane
Japan;Ureshinomachi-shimojuku
France;Vertou
Japan;Nogi
Japan;Ishii
Canada;Thetford Mines
Japan;Mimata
France;Saintes
France;Libourne
Japan;Fujikawaguchiko
Canada;Courtenay
Japan;Mimasaka
Japan;Yamagata
Canada;Magog
France;La Valette-du-Var
France;Laon
Japan;Kamo
France;Muret
Japan;Aridagawa
Japan;Tono
Japan;Minowa
Japan;Ninohe
Canada;Whitehorse
Japan;Tateyama
Japan;Iki
Canada;Woolwich
Japan;Nemuro
Japan;Aso
Japan;Oga
Japan;Oirase
Japan;Gose
France;Rochefort
Japan;Nasukarasuyama
Japan;Buzen
Japan;Sakai
Japan;Senboku
Japan;Ogawara
Canada;Clarence-Rockland
France;Roissy-en-Brie
France;Vernon
France;Dole
France;Lanester
Japan;Isa
Japan;Kamiamakusa
Canada;Fort Saskatchewan
Japan;Misato
Japan;Yugawara
Canada;East Gwillimbury
Japan;Wajimazakimachi
Japan;Ikeda
France;Saint-Dizier
Japan;Nyuzen
France;Grande-Synthe
Japan;Takehara
France;Castelnau-le-Lez
Canada;Lincoln
Japan;Hachimantai
Japan;Tadotsu
France;Abbeville
Japan;Miyoshi
Japan;Nasu
France;Frontignan
Japan;Kumano
Canada;La Prairie
Japan;Nakagusuku
Japan;Yoshioka
France;Combs-la-Ville
France;Epernay
Japan;Minamata
Japan;Mine
Japan;Gobo
Japan;Nakashunbetsu
Canada;Tecumseh
France;Gif-sur-Yvette
France;Olivet
Japan;Nikaho
Japan;Meiwa
Japan;Ono
France;Forbach
Canada;Mount Pearl Park
France;Oyonnax
Japan;Ayagawa
France;Saint-Louis
Japan;Mihama
Japan;Gotsucho
France;Manosque
France;Seynod
Japan;Uenohara
France;Le Creusot
France;Annecy-le-Vieux
France;Saint-Genis-Laval
Japan;Furukawa
Japan;Yokoshibahikari
France;Saint-Jean-de-Braye
France;Mandelieu-la-Napoule
France;Auch
France;Fougeres
France;Halluin
Japan;Otsuki
France;Chaumont
Japan;Takahata
France;Coueron
Japan;Murayama
France;Villeneuve-sur-Lot
France;Hazebrouck
France;Gardanne
Japan;Honmachi
France;Millau
Japan;Shiroishi
France;Les Pennes-Mirabeau
Japan;Bungotakada
France;Gujan-Mestras
Canada;Amherstburg
Japan;Shinhidaka
Japan;Fukuyoshi
Japan;Yabu
Japan;Mashiko
Canada;Brockville
France;Dax
Canada;Collingwood
Japan;Etajima
France;Lisieux
Japan;Kami
France;Denain
Canada;Scugog
Canada;Kingsville
Canada;Baie-Comeau
France;Sarreguemines
France;Ozoir-la-Ferriere
Japan;Aisho
Japan;Matsuura
Canada;Paradise
France;Beaune
Japan;Shisui
Japan;Mobetsu
France;Givors
France;Allauch
France;Cournon-d'Auvergne
France;Challans
Japan;Yachiyo
Canada;Uxbridge
France;Voiron
Japan;Hino
Japan;Furano
Canada;Essa
Canada;Candiac
Canada;Oro-Medonte
France;Mitry-Mory
Canada;Varennes
France;Bourg-les-Valence
Canada;Strathroy-Caradoc
Japan;Ino
France;Pertuis
Japan;Shimogamo
Canada;Wasaga Beach
Japan;Nishigo
Canada;New Glasgow
Japan;Ryuyo
Japan;Bibai
Japan;Susaki
Japan;Namegawa
France;Hem
Canada;Wilmot
Japan;Sakae
France;Lannion
France;Carquefou
Japan;Tobe
Japan;Takanabe
Canada;Essex
France;Villefontaine
Japan;Rumoi
Japan;Hirokawa
France;Albertville
France;Bouguenais
Japan;Hakui
France;Mougins
France;Cahors
France;Le Puy-en-Velay
Japan;Satsuma
Canada;Fort St. John
France;Saint-Die-des-Vosges
France;L'Isle-sur-la-Sorgue
Japan;Fukagawa
France;La Chapelle-sur-Erdre
Japan;Makurazaki
Japan;Shirahama
Canada;L'Assomption
Japan;Shonai
France;Concarneau
Japan;Yosano
Canada;Saint-Lazare
Canada;Chestermere
France;Saint-Lo
France;Bressuire
Japan;Echizen
France;Cognac
Japan;Kitatajima
Canada;Huntsville
Canada;Corner Brook
France;Selestat
Japan;Karuizawa
Japan;Taketa
France;Cugnaux
Canada;Riverview
Canada;Lloydminster
Canada;Joliette
France;Riom
France;Bruges
France;Plaisance-du-Touch
Canada;Yellowknife
Japan;Fukusaki
Japan;Ibigawa
Canada;Squamish
Japan;Godo
Japan;Kushiro
France;Fecamp
France;Royan
Japan;Onga
Canada;Riviere-du-Loup
Canada;Cobourg
Japan;Mino
Japan;Kamiichi
Japan;Iiyama
Japan;Mukaiengaru
France;Sorgues
Japan;Taka
Canada;Cranbrook
Japan;Ainan
Japan;Mure
Japan;Sukumo
Japan;Arita
France;Brie-Comte-Robert
Japan;Akune
Japan;Aizumisato
France;Vence
Japan;Shichigahama
France;Bruz
France;Moissy-Cramayel
France;Luneville
Japan;Eiheiji
Canada;Beaconsfield
Japan;Shimomura
Canada;Springwater
France;Louviers
France;La Crau
Japan;Motomachi
Canada;Dorval
France;Montceau-les-Mines
France;Avion
France;Le Pontet
France;Meylan
Japan;Heguri
Canada;Thorold
France;Osny
France;Vitre
Canada;Camrose
Japan;Miyatoko
France;Bagnols-sur-Ceze
Canada;South Frontenac
France;Limay
France;Cluses
Japan;Tatsuno
France;Firminy
Japan;Misato
Japan;Yoshimi
Japan;Kunitomi
Canada;Pitt Meadows
Japan;Ranzan
Japan;Toyono
Japan;Kitanakagusuku
Japan;Taku
Japan;Yoichi
Japan;Memuro-minami
Japan;Shika
France;Boissy-Saint-Leger
Japan;Oyama
Canada;Port Colborne
Japan;Kishi
Japan;Oi
Canada;Quispamsis
Japan;Kiyama
France;Ploemeur
Japan;Rikuzen-Takata
France;Carvin
Canada;Mont-Saint-Hilaire
Japan;Minamishibetsucho
Canada;Bathurst
Canada;Saint-Augustin-de-Desmaures
Canada;Oak Bay
Japan;Shirosato
France;Port-de-Bouc
France;Chateauneuf-les-Martigues
France;L'Isle-d'Abeau
France;Marmande
France;Cesson-Sevigne
Japan;Mitake
France;Orsay
France;Yutz
France;Pontarlier
Japan;Kahoku
France;Verdun
Canada;Salmon Arm
Japan;Kitahiroshima
Canada;Port Alberni
France;Verneuil-sur-Seine
Japan;Hinode
France;Brignoles
Japan;Toba
Japan;Ebino
France;Sanary-sur-Mer
Japan;Shin-Kamigoto
Japan;Miharu
Canada;Miramichi
France;Balma
Canada;Niagara-on-the-Lake
Japan;Kadogawa
Canada;Saint-Lin--Laurentides
Japan;Mori
Japan;Manno
Canada;Beaumont
France;Lattes
France;Domont
Canada;Middlesex Centre
France;Saint-Egreve
Japan;Minakami
Japan;Minamichita
Canada;Inverness
France;Ambares-et-Lagrave
Japan;Tsuiki
France;Elbeuf
France;Hayange
Canada;Stony Plain
France;Sedan
Canada;Petawawa
France;Saran
France;Saint-Cyr-sur-Loire
France;Saint-Pierre-des-Corps
France;Landerneau
Canada;Pelham
France;Cestas
Japan;Yabuki
France;Mauguio
Canada;Selwyn
France;Annonay
France;Saint-Julien-en-Genevois
France;Tourlaville
Canada;Loyalist
Japan;Kumage
Japan;Oyodo
Japan;Katsuura
France;Sin-le-Noble
Canada;Midland
Canada;Colwood
France;Escoublac
France;Saint-Maximin-la-Sainte-Baume
Canada;Central Saanich
France;Vendome
Japan;Kushima
Japan;Kawagoe
Japan;Shintomi
Canada;Sainte-Catherine
France;Sallanches
Canada;Port Hope
Canada;Saint-Basile-le-Grand
Japan;Sunagawa
France;Hennebont
Japan;Yoshinogari
Japan;Miyazu
France;Illzach
Japan;Mifune
Japan;Nakanoto
France;Vesoul
France;Montbrison
Canada;Swift Current
France;Villeneuve-Loubet
Canada;Edmundston
France;Sainte-Luce-sur-Loire
Japan;Nanbu
France;Saint-Amand-les-Eaux
Canada;Russell
Japan;Tohoku
France;Digne-les-Bains
France;Chateaurenard
Canada;North Grenville
France;Verrieres-le-Buisson
France;Francheville
Japan;Shiraoi
France;Montivilliers
Japan;Oarai
Canada;Yorkton
France;Les Herbiers
France;Guerande
Japan;Kumiyama
France;Rumilly
Japan;Kotoura
France;Chateau-Thierry
France;Les Sables-d'Olonne
Japan;Yurihama
Japan;Owase
Japan;Aki
France;Chenove
Canada;Tracadie
Japan;Minamiminowa
Japan;Kanan
France;Coulommiers
France;Saint-Avertin
Japan;Nagasu
Japan;Tachiarai
France;Villers-les-Nancy
Canada;Bracebridge
France;Mennecy
France;Issoire
France;Toul
France;Blanquefort
France;Trelaze
France;Pamiers
France;Bois-Guillaume
France;Dinan
France;Beaucaire
Canada;Greater Napanee
Canada;Tillsonburg
France;Saint-Avold
Japan;Tsukumiura
Japan;Gonohe
Japan;Kumano
Canada;Steinbach
France;Hautmont
France;Fos-sur-Mer
Japan;Miyota
Japan;Matsushige
Japan;Kasumi
France;Pornic
Canada;Hanover
Canada;Terrace
Japan;Yazu
France;Crepy-en-Valois
Japan;Yakumo
Japan;Ashikita
Japan;Kasagi
Japan;Tobetsu
France;Gaillac
Japan;Tone
France;Saint-Omer
Japan;Shizukuishi
France;Caudry
Japan;Shimanto
Japan;Sayo
Japan;Kawasaki
Japan;Daigo
France;Senlis
France;Fontainebleau
France;Castanet-Tolosan
France;Outreau
France;Pontivy
Japan;Tamaki
France;Flers
France;Bouc-Bel-Air
Japan;Kanegasaki
Japan;Daisen
France;Saint-Rambert
France;Tarascon
France;Olonne-sur-Mer
France;Fameck
France;Bailleul
Japan;Wakuya
France;Bar-le-Duc
Canada;Springfield
Japan;Noto
France;Morlaix
Japan;Kurate
Japan;Kawaminami
France;Tulle
France;Wittenheim
Japan;Kamitonda
Japan;Kujukuri
France;Kingersheim
France;Meru
Japan;Uchiko
Japan;Nakanojomachi
France;Laxou
Japan;Kutchan
France;Guipavas
Canada;Gaspe
Japan;Anpachi
France;La Fleche
France;Pont-a-Mousson
Canada;Kenora
France;Thouars
Japan;Aizubange
France;Canteleu
Japan;Haga
Japan;Mitane
Japan;Nakagawa
France;Andresy
Canada;Cold Lake
France;Saint-Fargeau
France;Woippy
France;Avrille
France;Saint-Jean-de-Luz
Japan;Sera
Japan;Misaki
France;Lons
France;Romilly-sur-Seine
Japan;Mori
France;Chateau-d'Olonne
Japan;Fujisaki
France;Audincourt
France;Bayeux
France;Saint-Brevin-les-Pins
France;Mions
Japan;Betsukai
Canada;Summerside
Canada;Comox
Canada;Sylvan Lake
Japan;Hirono
Japan;Tabuse
Japan;Obanazawa
France;Rixheim
France;Amberieu-en-Bugey
Japan;Kushimoto
Japan;Nishinoomote
France;Roquebrune-sur-Argens
Japan;Ashiya
France;Montataire
France;Berck-sur-Mer
Japan;Suo-Oshima
Japan;Shinto
France;Saint-Jacques-de-la-Lande
France;Plerin
Japan;Ichikawamisato
France;Roncq
France;Saint-Genis-Pouilly
Japan;Oki
Japan;Hasami
France;Douarnenez
Japan;Miho
Japan;Asagiri
France;Lieusaint
Canada;West Lincoln
France;Argentan
France;Riedisheim
France;Ollioules
Canada;Matane
Canada;Brooks
Japan;Kihoku
Japan;Yamada
Canada;Sainte-Anne-des-Plaines
France;Sainte-Maxime
Japan;Itakura
Japan;Furukawamen
Canada;West Nipissing / Nipissing Ouest
France;Ostwald
Japan;Tsukawaki
Japan;Ishikawa
France;Tergnier
Japan;Taki
Canada;Rosemere
Japan;Kawaii
Japan;Shichinohe
Japan;Hokuei
Canada;Mistassini
Japan;Hayashima
Japan;Sakaki
Japan;Minamiaizu
Japan;Seiro
Japan;Kadena
Canada;Grand Falls
Japan;Kakunodatemachi
Japan;Kisanuki
Canada;Clearview
Japan;Chosei
Japan;Fujikawa
France;Castelsarrasin
Canada;St. Clair
France;Biscarrosse
Japan;Taishi
Japan;Nachikatsuura
Japan;Tako
Canada;Canmore
France;Noyon
France;Valbonne
Japan;Wakasa
Japan;Fujimi
France;Gien
Japan;Kamigori
Japan;Higashimiyoshi
Canada;North Battleford
Japan;Hatoyama
Canada;Pembroke
France;Saint-Gilles
France;Granville
Japan;Yamanobe
France;Berre-l'Etang
Japan;Shodoshima
Japan;Chiran
Canada;Mont-Laurier
Japan;Tarumizu
France;Chalette-sur-Loing
France;Bollene
Canada;Strathmore
Japan;Kawatana
France;Pierrelatte
Canada;Saugeen Shores
France;Bully-les-Mines
France;Fontenay-le-Comte
Canada;Thompson
France;Saint-Paul-les-Dax
Canada;Lavaltrie
Japan;Okinoshima
France;Saint-Martin-de-Crau
France;Plougastel-Daoulas
Japan;Ugo
Canada;High River
France;Marly
France;Genas
France;Lourdes
France;Vitry-le-Francois
France;Creutzwald
France;Vernouillet
France;Chateaudun
France;Mayenne
Japan;Keisen
France;Gex
France;Saint-Orens-de-Gameville
Canada;Severn
France;Harnes
France;Les Ponts-de-Ce
Japan;Wake
France;Pont-Sainte-Maxence
Japan;Itano
Japan;Inawashiro
France;Le Relecq-Kerhuon
France;Amilly
France;Nemours
Japan;Saka
Japan;Matsushima
France;Gueret
Canada;Sainte-Sophie
France;Autun
France;Plouzane
Japan;Tonosho
Japan;Yakage
Japan;Kamikawa
France;Moissac
Japan;Tanagura
France;Bischwiller
France;Aubergenville
Canada;Saint-Charles-Borromee
Japan;Hashikami
France;Carros
Japan;Motobu
Canada;Portage La Prairie
France;Comines
Japan;Shin'onsen
Japan;Yamato
France;La Queue-en-Brie
France;Monteux
France;Somain
France;Yzeure
Canada;Thames Centre
France;Yvetot
France;Barentin
Canada;Mississippi Mills
Canada;Powell River
France;L'Union
Canada;South Glengarry
France;Noeux-les-Mines
Canada;North Perth
France;Seclin
Canada;Mercier
Canada;South Stormont
France;Aubenas
France;Villecresnes
France;Arcachon
Japan;Tonosho
France;Sarrebourg
France;Cusset
Canada;Saint-Colomban
France;Claye-Souilly
France;Auriol
Canada;Lacombe
France;La Chapelle-Saint-Luc
France;Bonneville
France;Graulhet
France;Amboise
Canada;Sooke
France;Bruay-sur-l'Escaut
Japan;Itayanagi
Canada;Dawson Creek
France;Tarnos
France;Triel-sur-Seine
Japan;Yuza
Japan;Misaki
Japan;Takamori
Canada;Lake Country
Japan;Asahi
Canada;Trent Hills
France;Le Chambon-Feugerolles
Canada;Sainte-Marie
Canada;Guelph/Eramosa
France;Mericourt
France;Ifs
France;Raismes
France;Plan-de-Cuques
France;Brignais
Canada;Truro
Canada;Amos
France;Provins
Canada;The Nation / La Nation
Japan;Suzu
France;Maizieres-les-Metz
Japan;Ashibetsu
France;L'Isle-Adam
Japan;Kanra
France;Rognac
France;Saint-Jean
France;Florange
Canada;Ingersoll
Japan;Kyotamba
France;Lamballe
Japan;Shirataka
France;Canet-en-Roussillon
France;Andernos-les-Bains
France;Saint-Esteve
Japan;Kasaishi
France;Fonsorbes
Canada;Winkler
France;Chauny
Canada;Wetaskiwin
France;Oissel
Japan;Kawamata
Canada;Central Elgin
Japan;Matsukawa
France;Saint-Germain-les-Arpajon
France;Quimperle
France;Saint-Andre-de-Cubzac
France;Le Haillan
France;Mende
France;Bolbec
Canada;Lachute
Canada;West Grey
Canada;Parksville
Japan;Nobeji
France;Le Pont-de-Claix
Canada;Cowansville
Japan;Tsuruta
France;Sable-sur-Sarthe
Canada;Becancour
France;Betton
France;Villeneuve-les-Avignon
France;Juvignac
Japan;Higashiagatsuma
France;Gisors
France;Chateaubriant
France;Meze
France;Pont-du-Chateau
France;Chambray-les-Tours
France;Vidauban
France;La Motte-Servolex
Canada;Gravenhurst
Japan;Marumori
France;Saint-Saulve
Japan;Sakawa
Canada;Perth East
France;Thorigny-sur-Marne
France;Saint-Ave
France;Chateau-Gontier
France;Fourmies
Canada;Prince Rupert
Japan;Osako
France;Castelnaudary
France;Bellegarde-sur-Valserine
Japan;Hirao
Canada;Prevost
Japan;Hodatsushimizu
France;Pace
France;Guebwiller
Japan;Iwanai
France;Cesson
France;Sollies-Pont
France;Aubiere
Canada;Sainte-Adele
France;Auchel
France;Saint-Cyr-sur-Mer
Japan;Ichinomiya
France;Vedene
France;Sassenage
Japan;Iwate
Canada;Kentville
Japan;Ryuo
France;Chevigny-Saint-Sauveur
France;Saint-Martin-Boulogne
France;Castelginest
France;Corbas
France;Thiers
France;Villefranche-de-Rouergue
France;Valentigney
France;Villepreux
France;Saint-Gaudens
France;Mainvilliers
Japan;Urakawa
France;Longuenesse
Canada;Beauharnois
Canada;Les Iles-de-la-Madeleine
France;Issoudun
Japan;Tosashimizu
France;Cogolin
France;Villebon-sur-Yvette
France;Cernay
France;Villeneuve-Tolosane
France;Onet Village
France;Clermont
France;Vaux-le-Penil
Japan;Yamamoto
Canada;Wellington North
France;Ploufragan
Canada;St. Andrews
Japan;Kagamino
Canada;Carleton Place
France;Neuville-en-Ferrain
France;Guidel
France;Saint-Pierre-du-Perray
Japan;Satosho
Canada;Whistler
Japan;Yakushima
Canada;Brighton
France;Porto-Vecchio
France;Pornichet
France;La Roche-sur-Foron
France;Obernai
France;Cuers
France;Sainte-Savine
Canada;Tiny
France;Etaples
France;Courrieres
France;Darnetal
France;Vauvert
France;Saverne
France;Aniche
Japan;Kamiita
Japan;Motegi
Japan;Mitai
Japan;Koori
Japan;Minabe
Canada;Gander
France;Allonnes
France;Chantilly
France;Septemes-les-Vallons
Japan;Hidaka
Canada;Rothesay
France;Annoeullin
Canada;Brock
France;Vernouillet
France;Oignies
France;Gravelines
Canada;Summerland
Japan;Okuizumo
France;La Riche
France;Ezanville
Japan;Muroto-misakicho
Canada;Val-des-Monts
Japan;Yuasa
Canada;Tache
France;Wambrechies
Japan;Tagami
Japan;Kin
France;Lezignan-Corbieres
Japan;Higashiizu
France;Saint-Cyprien
Japan;Kuriyama
France;Panazol
France;Amneville
France;Pfastatt
Canada;Montmagny
France;Briancon
France;Maxeville
France;Saint-Junien
France;Riorges
France;Dinard
Canada;Erin
Japan;Zao
France;Douchy-les-Mines
France;Saint-Hilaire-de-Riez
France;Chassieu
France;Portes-les-Valence
France;Louvres
Canada;Kincardine
Japan;Ichikai
France;Grigny
France;La Chapelle-Saint-Mesmin
France;Tarare
France;Passy
Japan;Ichinohe
France;Dammartin-en-Goele
France;Chantepie
Japan;Chiyoda
France;Villerupt
Japan;Honmachi
France;Vieux-Conde
France;Le Pradet
Canada;North Dundas
France;Montlouis-sur-Loire
France;Saint-Jean-de-Vedas
France;Beaumont-sur-Oise
Canada;Wellesley
Japan;Meiwa
France;Apt
Canada;Estevan
France;Le Luc
Canada;North Saanich
France;Vire
France;Jeumont
France;Cabestany
France;Bondoufle
Japan;Ogose
France;Hericourt
Japan;Ichikawa
Japan;Yamanouchi
France;Buxerolles
Japan;Nakagawa
France;Leers
Japan;Hikawadai
Japan;Shoo
France;Parthenay
France;Biganos
Japan;Miyato
France;Tournon-sur-Rhone
France;Marly
France;Guilherand
Japan;Onna
France;Thouare-sur-Loire
Japan;Obuse
Japan;Hakone
Canada;Warman
Canada;La Tuque
Canada;Norwich
Canada;Meaford
France;Marck
France;Mondeville
France;Saint-Laurent-de-la-Salanque
Canada;Adjala-Tosorontio
Japan;Minamiise
Japan;Matsuda-soryo
France;Chambly
France;Pontchateau
Japan;Minamisanriku
France;Pont-Saint-Esprit
France;Gerzat
France;Pelissanne
Canada;Hamilton Township
France;Villers-Cotterets
France;Hagondange
France;Erstein
France;Ville-la-Grand
France;Le Cres
France;Feyzin
France;Dourdan
Japan;Asahi
Canada;St. Clements
France;Serris
Canada;Saint-Amable
Canada;Weyburn
France;Lavaur
Canada;South Dundas
Japan;Ogano
France;Fontaine-les-Dijon
France;Mery-sur-Oise
France;Le Taillan-Medoc
France;Oloron-Sainte-Marie
France;Magny-le-Hongre
France;Wittelsheim
Japan;Otsuchi
Japan;Iwai
Canada;L'Ile-Perrot
Canada;Notre-Dame-de-l'Ile-Perrot
Canada;Williams Lake
France;Octeville
France;Quincy-sous-Senart
France;Orthez
Canada;Elliot Lake
France;Bourg-de-Peage
France;Bondues
France;Leognan
France;Gignac-la-Nerthe
Japan;Nakayama
Canada;Cantley
France;Fondettes
France;Rombas
Canada;Nelson
Japan;Tokigawa
France;La Trinite
Japan;Shirako
France;Trets
France;Mouans-Sartoux
Japan;Murata
France;Urrugne
Canada;Lambton Shores
France;Villeneuve-les-Maguelone
France;Escaudain
Japan;Kamikawa
France;Saint-Gely-du-Fesc
Japan;Rokunohe
Japan;Naganuma
Japan;Hoki
France;Dombasle-sur-Meurthe
Japan;Kamifurano
France;Argeles-sur-Mer
France;La Ferte-sous-Jouarre
Japan;Kiho
Japan;Kibichuo
Canada;Mapleton
France;Albert
France;La Londe-les-Maures
France;Perols
France;Fuveau
Canada;Georgian Bluffs
Japan;Minobu
France;Mios
France;La Farlede
France;Tomblaine
France;Miribel
Japan;Kiso
France;Limoux
Canada;Rawdon
Canada;Campbellton
Canada;View Royal
France;Portet-sur-Garonne
France;Quetigny
France;Harfleur
France;Roche-la-Moliere
France;Biot
France;Bernay
Japan;Nanbu
France;Essey-les-Nancy
Japan;Minamiaso
France;Saint-Gregoire
France;Carmaux
France;Frouzins
Canada;Coldstream
Canada;Chester
France;Brumath
Canada;Queens
France;Soyaux
France;Rouvroy
Japan;Higashikagura
Japan;Tokunoshima
France;Grand-Couronne
France;Lillers
Canada;Selkirk
Canada;Saint-Felicien
Japan;Iizuna
Canada;Hawkesbury
Japan;Nishi
France;Vetraz-Monthoux
France;Wingles
Canada;Roberval
Canada;Sainte-Agathe-des-Monts
France;Pithiviers
France;Launaguet
Canada;North Dumfries
France;Carqueiranne
Japan;Shioya
Canada;Rideau Lakes
Japan;Kushijima
Canada;Sechelt
France;Molsheim
Japan;Takahama
France;Le Passage
France;Ouistreham
Japan;Kawara
France;Mazamet
France;Pernes-les-Fontaines
France;Saint-Loubes
Japan;Yaotsu
France;Auterive
Japan;Rokkasho
Japan;Iwashita
Japan;Kuroshio
Japan;Onan
Canada;North Glengarry
France;Conde-sur-l'Escaut
France;Cabries
France;Lescar
Canada;South Huron
Japan;Sakuho
Canada;Marieville
France;Arques
France;Divonne-les-Bains
Japan;Tsuno
France;Aire-sur-la-Lys
France;Le Beausset
France;Figeac
Canada;Tay
Japan;Kami-kawabe
France;Nogent-le-Rotrou
Japan;Hiranai
France;Saint-Amand-Montrond
France;Saint-Pierre-du-Mont
France;Mont-Saint-Martin
France;Blain
France;Fouesnant
France;Saint-Jean-le-Blanc
France;Aytre
France;Ploermel
France;Merville
France;Lambesc
France;Boucau
France;Saint-Doulchard
France;Foix
France;Saint-Remy-de-Provence
France;Saint-Lys
France;Pia
France;Cosne sur Loire
Canada;Temiskaming Shores
France;Magny-les-Hameaux
France;Beuvry
France;Revel
Canada;Hinton
Canada;Saint-Sauveur
France;Lucon
Canada;Quesnel
France;Pierrelaye
France;La Salvetat-Saint-Gilles
Canada;Elizabethtown-Kitley
Canada;Morinville
France;La Tour-du-Pin
France;Veauche
France;Artigues-pres-Bordeaux
France;Saint-Barthelemy-d'Anjou
France;Aizenay
Canada;Grey Highlands
France;Margny-les-Compiegne
Japan;Biei
France;Treillieres
France;Souffelweyersheim
France;Aulnoye-Aymeries
France;Marspich
France;Redon
France;Basse-Goulaine
France;Ussel
France;La Ravoire
Japan;Nakao
France;Ingre
France;Loudeac
Japan;Akabira
France;Leguevin
France;Saint-Aubin-les-Elbeuf
Canada;Stratford
Japan;Kawanishicho
France;Seysses
France;Joigny
Canada;Alfred and Plantagenet
France;Irigny
France;Lesquin
France;Couzeix
Canada;Mont-Tremblant
Canada;Martensville
France;Scionzier
France;Golbey
France;Landivisiau
Canada;Saint-Raymond
France;Saint-Sulpice-la-Pointe
France;Saint-Pierre-les-Elbeuf
France;Libercourt
France;Cebazat
France;Breuillet
France;Valreas
France;La Grande-Motte
France;Paray-le-Monial
Japan;Yamakita
France;Voreppe
Canada;Amherst
France;Orchies
France;Coulaines
France;Elne
France;Belley
Japan;Ikeda
France;Gonfreville-l'Orcher
Japan;Nakoushi
France;Onnaing
France;Le Mesnil-Esnard
Canada;Ramara
Japan;Minano
France;Larmor-Plage
Canada;Leeds and the Thousand Islands
Canada;Carignan
France;La Chapelle d'Armentieres
Canada;Brockton
France;Lillebonne
France;La Ferte-Bernard
France;Le Muy
France;Gouvieux
France;Lamorlaye
France;Sene
France;Morieres-les-Avignon
France;Unieux
Canada;Laurentian Valley
France;Le Rheu
France;Bandol
France;Livron-sur-Drome
France;Parempuyre
Canada;East St. Paul
France;Perigny
France;Tonneins
France;Les Sorinieres
France;Cappelle-la-Grande
France;Isbergues
Canada;Lorraine
France;Pont-Audemer
France;Vendin-le-Vieil
France;Villars
France;Courcelles-les-Lens
France;Vallet
France;Le Petit-Couronne
Canada;Sainte-Julienne
France;Chaponost
Japan;Shimizu
Canada;Blackfalds
France;Capbreton
France;Dardilly
Canada;Malahide
France;La Fare-les-Oliviers
France;Le Thor
France;Clermont-l'Herault
France;Lempdes
France;Saint-Paul-Trois-Chateaux
France;Saint-Claude
France;Roquevaire
Japan;Hirayama
Canada;Oromocto
France;Savenay
France;Longvic
France;Notre-Dame-de-Gravenchon
France;Achicourt
France;Malzeville
France;Gretz-Armainvilliers
France;Checy
Japan;Fujisawacho-niinuma
Japan;Nagaoki
Canada;Olds
France;Roussillon
France;Tournan-en-Brie
France;Thorigne-Fouillard
France;Saint-Philbert-de-Grand-Lieu
Japan;Iijima
France;Lorgues
France;Waziers
France;Nangis
Canada;Huron East
France;Grabels
France;Coutances
France;Le Teil
France;Emerainville
France;Bellerive-sur-Allier
France;Merlebach
France;Queven
France;L'Isle-Jourdain
France;Grenade
France;Lancon-Provence
France;Hirson
France;Rivesaltes
France;Nort-sur-Erdre
France;Thaon-les-Vosges
France;Privas
France;Entraigues-sur-la-Sorgue
France;Linselles
Canada;Stanley
France;Monistrol-sur-Loire
France;Tregueux
France;La Ricamarie
France;Peymeinade
France;Saint-Germain-les-Corbeil
France;Crest
France;Domerat
France;Belleville
France;Sarlat-la-Caneda
France;Terville
France;Marguerittes
France;Noisy-le-Roi
France;Saint-Vallier
France;Borgo
Canada;Penetanguishene
France;Velaux
France;Chateaugiron
Japan;Sekimachi
Canada;Qualicum Beach
France;Neuville-sur-Saone
France;Sautron
France;Jouy-en-Josas
France;Saint-Chamas
France;Vif
Canada;Notre-Dame-des-Prairies
Canada;West Perth
France;Vaujours
Japan;Taragi
Japan;Soeda
France;Guichen
France;Pibrac
France;Crolles
France;Coutras
France;Barlin
Japan;Otaki
France;Chartres-de-Bretagne
Canada;Cavan Monaghan
France;Poisy
France;Mazingarbe
France;Venelles
France;Saint-Jean-de-Monts
Canada;Arnprior
France;Saint-Marcellin
France;Jacou
France;Les Angles
Canada;Smiths Falls
Japan;Miyada
France;Jarny
France;Falaise
France;Pont-l'Abbe
France;Seyssins
France;Uzes
France;Saint-Jean-d'Illac
France;Saint-Renan
France;Paray-Vieille-Poste
Canada;Pont-Rouge
France;Chamonix-Mont-Blanc
France;Baillargues
France;Bessancourt
Canada;Champlain
France;Pegomas
Japan;Nishiowa
Canada;Coaticook
France;La Colle-sur-Loup
France;Aureilhan
Canada;Minto
Canada;Morden
Japan;Hakubacho
France;Marcoussis
France;Le Poire-sur-Vie
France;Plabennec
France;Langueux
France;Sarzeau
France;Saint-Remy-les-Chevreuse
France;Le Grau-du-Roi
Japan;Takaharu
Canada;Mono
France;Mauleon
France;Aigues-Mortes
France;Bompas
France;Feurs
France;Saint-Maixent-l'Ecole
Japan;Iwaizumi
France;Port-Saint-Louis-du-Rhone
Canada;Ladysmith
Canada;Bridgewater
France;Janze
France;Ergue-Gaberic
France;Saint-Gilles-Croix-de-Vie
France;Le Loroux-Bottereau
France;Le Soler
France;Sorbiers
Japan;Owani
France;Bouaye
France;Trignac
France;Carnoux-en-Provence
France;Lure
France;L'Aigle
France;Lege-Cap-Ferret
France;Moyeuvre-Grande
France;Vern-sur-Seiche
Canada;Dauphin
France;Houplines
France;Chantonnay
Canada;Otterburn Park
France;Audenge
France;Noyelles-sous-Lens
Canada;Taber
France;Pezenas
France;Meximieux
Canada;South Bruce Peninsula
France;Liancourt
Canada;Edson
France;Guilers
France;La Verpilliere
France;Villard-Bonnot
France;Leforest
France;La Bassee
France;Champagnole
France;Chateauneuf-sur-Loire
France;Saint-Nicolas-de-Port
France;Louveciennes
France;Puget-sur-Argens
France;Vert-Saint-Denis
France;Ballan-Mire
France;Gargenville
France;Chinon
France;Reignier
France;Saint-Jean-de-Maurienne
Japan;Ikata-cho
France;Thann
France;Bailly-Romainvilliers
Canada;Farnham
France;L'Arbresle
France;Saint-Apollinaire
France;Houdain
France;Bormes-les-Mimosas
France;Le Teich
France;Eckbolsheim
France;Wavrin
Canada;Kapuskasing
France;Les Andelys
France;Le Coteau
France;Tonnay-Charente
France;Auby
France;Sausset-les-Pins
Canada;La Malbaie
France;Ballancourt
France;Courtry
Japan;Karumai
France;Biguglia
France;La Penne-sur-Huveaune
France;Romagnat
France;Claix
Japan;Hanawa
France;Le Mesnil-le-Roi
Canada;Renfrew
France;Guenange
Canada;Coaldale
France;Donges
France;Vineuil
France;Eguilles
France;Beauzelle
France;Gleize
France;Thuir
Japan;Mikasa
France;Luisant
France;Fresnes-sur-Escaut
France;Isle
France;Hettange-Grande
France;Charnay-les-Macon
France;Neuves-Maisons
Canada;Portugal Cove-St. Philip's
France;Bonsecours
Canada;Zorra
France;Soustons
France;Peronne
Canada;Kitimat
Canada;Shelburne
France;Bassens
France;Monts
France;Remiremont
France;Saint-Affrique
France;Notre-Dame-de-Bondeville
France;Wissous
France;Saint-Julien-les-Villas
France;Trevoux
France;Ecouen
France;Languidic
Canada;Saint-Hippolyte
France;Soisy-sur-Seine
France;Publier
France;Saint-Priest-en-Jarez
France;Montreuil-Juigne
France;Beynes
France;Moirans
France;Uckange
France;Lisses
France;Clisson
France;Wintzenheim
France;Langres
Canada;Castlegar
France;Saint-Victoret
France;Saint-Vincent-de-Tyrosse
France;La Couronne
France;Ceret
France;Saint-Prix
Canada;Church Point
France;Lesneven
France;Lagord
Japan;Tara
France;Digoin
France;Vizille
France;Tullins
France;Saint-Denis-en-Val
Canada;Drumheller
France;La Montagne
Canada;Kirkland Lake
France;Domene
France;Gieres
Japan;Yahiko
France;Geispolsheim
France;Cavalaire-sur-Mer
France;Fouquieres-les-Lens
France;Gerardmer
Japan;Yuzawa
France;Tignieu
France;Saint-Peray
France;Marseillan
France;Anse
France;Malemort-sur-Correze
France;Rethel
France;Ruelle-sur-Touvre
France;Colombelles
France;Nieppe
France;Langon
France;Toulouges
France;Doue-la-Fontaine
Canada;Argyle
Canada;Torbay
France;Cormontreuil
France;Ancenis
France;Liffre
France;Bouffemont
France;Mably
Japan;Ide
France;Lesigny
Canada;La Peche
France;Pontcharra
Canada;Banff
Canada;Innisfail
France;Courdimanche
France;La Talaudiere
France;Questembert
France;Talmont-Saint-Hilaire
Canada;Nicolet
France;Saint-Yrieix-sur-Charente
Canada;Rockwood
France;Contes
France;Coulounieix
France;Saint-Benoit
France;Deols
France;Rochefort-du-Gard
France;Auxonne
France;Behren-les-Forbach
France;Saint-Didier-au-Mont-d'Or
France;Martignas-sur-Jalle
France;Escalquens
France;Lodeve
Canada;Drummond/North Elmsley
France;Beaugency
France;Rosporden
France;Saint-Thibault-des-Vignes
Canada;Dryden
France;Villers-Saint-Paul
Canada;Fort Frances
France;Sisteron
France;Ensisheim
France;Pluvigner
France;Linas
Canada;La Sarre
France;Aussonne
Canada;Trail
France;Quievrechain
Canada;Chandler
France;Pignan
Canada;Stone Mills
Canada;Hanover
France;Migennes
Japan;Manazuru
France;Jassans-Riottier
France;Wissembourg
Canada;South-West Oxford
Canada;Acton Vale
Japan;Inakadate
France;Cognin
France;Boulazac
France;Honfleur
France;Balaruc-les-Bains
France;Beaupreau
France;Homecourt
Canada;Bromont
Canada;Beckwith
France;Egly
France;Saint-Alban
France;Saint-Aubin-de-Medoc
Canada;Goderich
France;La Tronche
France;Divion
France;Mordelles
Japan;Abira
Japan;Kotake
France;Saint-Berthevin
Canada;Plympton-Wyoming
Canada;Central Huron
Japan;Setana
France;Le Mesnil-Saint-Denis
France;Petite-Rosselle
France;Barr
Japan;Nakata
France;Gaillon
Canada;Rigaud
France;Perros-Guirec
Japan;Inami
Japan;Shiranuka
France;Saujon
France;Magnanville
France;Chauray
France;Saint-Andre-de-la-Roche
France;La Ferte-Saint-Aubin
France;Longpont-sur-Orge
France;Corte
Canada;Louiseville
France;Saintry-sur-Seine
France;Crozon
Canada;Chibougamau
France;Saint-Ismier
France;Saint-Juery
France;Chateaubourg
Canada;Aylmer
France;Louvroil
France;Paimpol
Japan;Chonan
France;Le Peage-de-Roussillon
France;Jurancon
Canada;Delson
France;Bidart
France;Bain-de-Bretagne
France;Pordic
France;Carhaix-Plouguer
Japan;Yubari
France;Lagnieu
France;Bellegarde
Japan;Shibecha
France;Audun-le-Tiche
France;Saint-Etienne-de-Montluc
Canada;Kimberley
France;Cranves-Sales
France;Auvers-sur-Oise
Canada;Blandford-Blenheim
Canada;Bayham
France;Tain-l'Hermitage
France;Loos-en-Gohelle
France;Betheny
France;Saint-Christol-lez-Ales
France;Morteau
Japan;Esashi
France;Segre
France;Fabregues
France;Longueau
France;Villemandeur
France;Bourbourg
Canada;Augusta
France;Saint-Pierre
France;Lallaing
France;Saint-Julien-de-Concelles
France;Chemille
France;Montoir-de-Bretagne
France;Mourenx
France;Cuincy
France;La Gaude
Canada;Puslinch
France;Yssingeaux
France;Bourg-Saint-Andeol
France;Menucourt
France;Serignan
France;Teteghem
France;Soultz-Haut-Rhin
Japan;Taga
France;Saint-Bonnet-de-Mure
France;Bourg-Saint-Maurice
Japan;Hiraizumi
France;Cassis
France;Quesnoy-sur-Deule
France;Saint-Macaire-en-Mauges
Canada;Beauport
France;Salles
France;Hasparren
Canada;Saint-Remi
Canada;St. Marys
France;Valognes
Japan;Naka
France;Suce-sur-Erdre
France;Othis
France;Saint-Remy
France;Saint-Jean-d'Angely
France;Saint-Laurent-Blangy
France;Saint-Just-sur-Loire
Canada;Drayton Valley
France;Saint-Pathus
France;Cornebarrieu
Canada;Ponoka
Canada;Labrador City
France;Feignies
France;Faverges
France;Rives
Japan;Fukaura
Canada;Donnacona
France;Ugine
France;Mimizan
France;Saint-Jean-Bonnefonds
France;Gueugnon
Canada;Southgate
France;Wimereux
France;Tregunc
Canada;McNab/Braeside
France;Puilboreau
France;Brioude
France;Montfort-sur-Meu
France;Les Arcs
Canada;Macdonald
France;Bagneres-de-Bigorre
France;Senas
France;Champagne-sur-Seine
France;Lanton
France;Le Perray-en-Yvelines
France;Eu
France;Saint-Mandrier-sur-Mer
Canada;Baie-Saint-Paul
Japan;Onishi
France;Pleurtuit
France;Sains-en-Gohelle
France;Bouchemaine
Canada;Merritt
France;Saint-Rambert-d'Albon
Canada;Bluewater
France;Manduel
Canada;East Zorra-Tavistock
France;Trelissac
France;Chauvigny
France;Etrechy
Canada;Stoneham-et-Tewkesbury
France;Montluel
Canada;Asbestos
France;Theix
Japan;Nambu
France;Trith-Saint-Leger
Japan;Shibayama
France;Ceyrat
France;Itteville
France;Frouard
France;Nyons
Canada;Huron-Kinloss
France;Brunstatt
France;Rungis
France;Laneuveville-devant-Nancy
France;Ciboure
France;Saulx-les-Chartreux
France;Sainte-Pazanne
France;Caudan
France;Acigne
Canada;Coteau-du-Lac
Japan;Shinmachi
France;Chabeuil
France;Mondelange
France;Les Essarts-le-Roi
France;Nanteuil-les-Meaux
France;Surgeres
France;Algrange
France;Herbignac
France;Eyguieres
France;Ustaritz
Canada;The Blue Mountains
France;Limours
France;Grand-Charmont
France;Melesse
France;Lutterbach
France;Epone
Canada;Whitewater Region
France;Chessy
France;Rosny-sur-Seine
France;Luxeuil-les-Bains
France;Saint-Pee-sur-Nivelle
France;Labenne
France;Champigneulles
France;Vendargues
France;Caussade
France;Heillecourt
France;Givet
France;Le Pian-Medoc
Canada;Edwardsburgh/Cardinal
France;Nerac
Japan;Ogunimachi
France;Pledran
Japan;Teshikaga
France;Roost-Warendin
Japan;Aya
Canada;Sainte-Anne-des-Monts
France;Thyez
France;Ploeren
France;Canohes
France;Neufchateau
France;Estaires
Canada;Old Chelsea
France;Moelan-sur-Mer
France;Cambo-les-Bains
France;Chasse-sur-Rhone
France;Orgeval
France;Nandy
France;Noyelles-Godault
France;Loison-sous-Lens
France;Loudun
France;Sury-le-Comtal
France;Saint-Pol-de-Leon
France;Ludres
France;Peronnas
France;Saint-Alban-Leysse
France;Labarthe-sur-Leze
France;Brindas
Canada;North Stormont
France;Beaufort-en-Vallee
Canada;Alnwick/Haldimand
France;Montaigu
Japan;Nagatoro
France;Saint-Pierre-d'Oleron
France;Meung-sur-Loire
France;Mehun-sur-Yevre
Canada;Peace River
France;Gigean
Japan;Sekigahara
France;Loriol-sur-Drome
France;Annezin
France;Saint-Andre-des-Eaux
France;Oberhausbergen
France;Verneuil-sur-Avre
Japan;Nagaya
Canada;Arran-Elderslie
France;Mutzig
France;Saint-Yrieix-la-Perche
France;Brech
France;Kervignac
France;Malaunay
France;Le Cendre
France;Hersin-Coupigny
France;Hombourg-Haut
France;Marles-les-Mines
France;Blainville-sur-Orne
Japan;Fukuyama
France;Plouguerneau
Canada;Saint-Zotique
France;Chatelaillon-Plage
France;Grand-Fort-Philippe
France;Avallon
Japan;Kamihonbetsu
France;Gemenos
Japan;Kochi
France;La Bouilladisse
France;Vezin-le-Coquet
France;Horbourg
France;Saint-Florent-sur-Cher
France;Ambert
France;Saint-Girons
France;Change
France;Marange-Silvange
France;Bois-le-Roi
France;Marignier
France;Thones
France;Saint-Marcel-les-Valence
France;Calonne-Ricouart
France;Saint-Marcel
Canada;Val-Shefford
Canada;Douro-Dummer
France;Bouillargues
France;Pavilly
France;Viriat
France;Castelnau-d'Estretefonds
France;Chalonnes-sur-Loire
France;Villabe
France;Corbie
Japan;Omachi
Japan;Ashoro
Canada;Plessisville
France;Louhans
France;Pecquencourt
Canada;Ritchot
France;Gouesnou
France;Saint-Maurice-l'Exil
France;Montauroux
Canada;Otonabee-South Monaghan
France;Sainte-Livrade-sur-Lot
France;Montdidier
Canada;Shediac
France;Fegersheim
France;Douvaine
France;Eaunes
Canada;Slave Lake
Canada;Port-Cartier
Canada;Barrington
France;Saint-Genest-Lerpt
France;Chatenoy-le-Royal
Japan;Shikama
France;Chatel-Guyon
Canada;Rocky Mountain House
France;Flers-en-Escrebieux
France;Gournay-en-Bray
Canada;Chatsworth
Canada;Stephenville
France;Le Palais-sur-Vienne
France;Cadaujac
France;Grezieu-la-Varenne
France;Prades
France;L'Hopital
France;Veigne
France;Labruguiere
France;Saint-Pryve-Saint-Mesmin
France;Saint-Flour
Japan;Nishiharadai
France;Templeuve
France;Lavelanet
France;Buc
Canada;Devon
France;Condom
France;Challes-les-Eaux
France;Ploudalmezeau
France;Raon-l'Etape
France;Cregy-les-Meaux
Japan;Hiroo
France;Gignac
Japan;Waki
France;Bruguieres
France;Montech
France;L'Isle-d'Espagnac
France;Beaurains
France;Parentis-en-Born
Canada;Yarmouth
France;Castries
France;Leves
France;Jaunay-Clan
France;Saint-Cyr-au-Mont-d'Or
France;Dourges
France;Laudun-l'Ardoise
Japan;Oishida
France;Benfeld
France;Sciez
France;Cournonterral
France;Saint-Jean-de-Boiseau
France;Jonage
France;Bon-Encontre
France;Ares
France;Pont-Saint-Martin
France;Lentilly
France;Marsillargues
France;Seloncourt
Canada;Boischatel
France;Bauvin
France;Loches
France;Epernon
France;Pont-Sainte-Marie
France;Commentry
France;Marolles-en-Hurepoix
France;Breal-sous-Montfort
France;Saint-Just-en-Chaussee
France;La Grand-Croix
France;Wervicq-Sud
France;Mer
France;Malesherbes
France;Mornant
France;Machecoul
France;Le Blanc
France;Aussillon
France;Santes
Japan;Higashikyoshin
Canada;Parry Sound
France;Embrun
France;Lezoux
Japan;Toma
France;Aurec-sur-Loire
Canada;Pointe-Calumet
France;La Glacerie
France;Bethoncourt
France;Terrasson-Lavilledieu
France;Fenain
France;Le Barcares
France;Valdoie
Japan;Wadomari
France;Saint-Genis-les-Ollieres
France;Saint-Arnoult-en-Yvelines
France;Villennes-sur-Seine
France;Baud
France;Arpajon-sur-Cere
Canada;Beaubassin East / Beaubassin-est
France;Saint-Martin-le-Vinoux
France;Saint-Andre-de-Sangonis
Canada;Wainfleet
Japan;Shimonita
France;Grandchamps-des-Fontaines
France;Feytiat
France;Pulnoy
Japan;Chizu
France;Charbonnieres-les-Bains
Canada;Cramahe
Canada;Beauceville
Canada;North Middlesex
France;Saint-Quentin-Fallavier
France;Canejan
Japan;Izumizaki
France;Migne
France;Carry-le-Rouet
Canada;Amqui
France;Chambourcy
Canada;Sainte-Catherine-de-la-Jacques-Cartier
France;Marly-la-Ville
France;Loon-Plage
France;Farebersviller
France;Saint-Denis-les-Bourg
France;Bonchamp-les-Laval
France;Jouars-Pontchartrain
France;Change
France;Fronton
France;Mallemort
France;Altkirch
France;Delle
Canada;Clarenville
France;Mazan
France;Nouzonville
France;Nogent-sur-Seine
Canada;Mont-Joli
France;Octeville-sur-Mer
France;Mortagne-sur-Sevre
France;Ploneour-Lanvern
France;Saleilles
Canada;Wainwright
France;Elven
France;Noyal-sur-Vilaine
France;Mamers
France;Guer
France;Plescop
France;Izon
Canada;Contrecoeur
France;Heric
France;Sainghin-en-Weppes
France;Sarrians
France;Blanzy
France;Dives-sur-Mer
France;Nieul-sur-Mer
France;Vernaison
France;La Roquette-sur-Siagne
France;La Ville-aux-Dames
France;Marnaz
France;Carentan
France;Lardy
France;Esvres
France;Aire-sur-l'Adour
France;Trans-en-Provence
France;Maule
France;Saint-Zacharie
France;Liverdun
France;Saint-Symphorien-d'Ozon
France;Saint-Jory
France;La Primaube
France;Saint-Sebastien-de-Morsent
France;Prades-le-Lez
France;Vigneux-de-Bretagne
France;Vouneuil-sous-Biard
France;Fontenilles
France;Seichamps
France;Ternay
France;Revin
Canada;Saint-Joseph-du-Lac
France;Thoiry
France;Vendenheim
France;Le Lavandou
France;Poussan
France;Parmain
Canada;Hope
Canada;Gimli
Japan;Kusatsu
Japan;Asakawa
France;Doullens
France;Vaison-la-Romaine
France;Dainville
France;Pierrefeu-du-Var
Japan;Yoshinoyama
France;Magny-en-Vexin
France;Sainte-Sigolene
France;Naintre
France;Saint-Jorioz
France;Montbonnot-Saint-Martin
France;Clapiers
France;Riantec
France;Douvrin
France;Fleurance
France;Lannemezan
France;Haute-Goulaine
Canada;Saint-Apollinaire
France;Coursan
France;Villefranche-sur-Mer
France;Gauchy
France;Lucciana
France;Villemur-sur-Tarn
France;Meriel
Japan;Ginoza
Canada;Hindon Hill
France;Roquefort-la-Bedoule
France;Meyreuil
France;Aubignan
France;Dol-de-Bretagne
Canada;Les Cedres
France;Montauban-de-Bretagne
France;Noves
France;Roye
Canada;La Broquerie
France;Saint-Mitre-les-Remparts
France;Aixe-sur-Vienne
France;Ostricourt
France;Merville
France;La Wantzenau
France;Chevreuse
Canada;Kent
France;Saint-Georges-d'Orques
France;Donzere
Japan;Isen
Japan;Shihoro
France;Oraison
Canada;Tweed
France;Combourg
France;Wasselonne
France;Calvisson
France;Saint-Galmier
France;Milhaud
Canada;Saint-Felix-de-Valois
France;Beaucourt
France;La Ferte-Mace
France;Pluneret
France;Montmorillon
France;Querqueville
Canada;Bay Roberts
France;La Gorgue
Japan;Matsuzaki
France;Bons-en-Chablais
Canada;Melfort
France;Coulogne
France;Gannat
France;Bedarieux
Canada;Bonnyville
France;Fayence
France;Carbonne
France;Murs-Erigne
France;Quincy-Voisins
France;Peypin
France;Lesparre-Medoc
France;Le Poinconnet
France;La Creche
Canada;Stettler
Japan;Kozaki
France;Dechy
France;Fontenay-Tresigny
Canada;Saint-Calixte
France;Furiani
Canada;Lac-Megantic
Canada;Perth
France;Boe
Canada;Oliver Paipoonge
France;Marennes
France;Vias
France;Le Valdahon
France;Trebes
France;Saint-Memmie
France;Tournus
France;Courthezon
France;Aimargues
France;Fismes
France;Lannilis
France;Simiane-Collongue
France;Mouroux
France;Flines-les-Raches
France;Sollies-Toucas
France;Port-la-Nouvelle
France;Briey
France;Erquinghem-Lys
France;Boulay-Moselle
France;Vaugneray
France;Wormhout
Canada;Humboldt
France;Ernee
France;Le Puy-Sainte-Reparade
France;Dompierre-sur-Mer
France;La Chevroliere
France;Saint-Denis-de-Pile
France;Viarmes
France;La Chapelle-Basse-Mer
France;Bohain-en-Vermandois
Canada;Pontiac
France;Arnage
France;Calvi
France;Saint-Georges-de-Didonne
France;Saint-Pierre-d'Irube
Japan;Shintoku
France;Wallers
Japan;Ohira
France;Sauvian
France;Saint-Cannat
France;Guines
France;Les Avenieres
France;Chagny
Canada;St. Paul
France;Fenouillet
France;Eschau
Japan;Tatsugo
France;Ferriere-la-Grande
France;Audruicq
France;Chatuzange-le-Goubet
France;Gray
France;Sausheim
France;Montrond-les-Bains
France;Plouay
France;Pont-Eveque
France;Semeac
Japan;China
France;Mouy
France;Le Boulou
France;Vergeze
Japan;Takamori
France;Negrepelisse
France;Saint-Martin-de-Seignanx
France;Rabastens
Japan;Onagawa
France;Marsannay-la-Cote
Canada;Petrolia
France;Ensues-la-Redonne
France;Coublevie
France;Decazeville
France;Bannalec
France;Moulins-les-Metz
France;Roquemaure
France;Ambazac
Canada;Southwest Middlesex
France;Montpon-Menesterol
France;Briec
France;La Cadiere-d'Azur
France;Ondres
Canada;Front of Yonge
France;Sillingy
France;Genlis
Canada;Vegreville
France;Saint-Laurent-de-Mure
France;Gan
France;Reichshoffen
France;Kembs
France;Pouzauges
Canada;Sainte-Brigitte-de-Laval
France;Saint-Pierre-les-Nemours
Canada;Vercheres
Canada;The Pas
France;Sigean
Japan;Hamanaka-sakuraminami
Canada;Saint-Cesaire
France;Nuits-Saint-Georges
France;Les Essarts
France;Saint-Gervais-les-Bains
France;Borderes-sur-l'Echez
Canada;La Ronge
France;Belin-Beliet
France;Arradon
France;Saint-Martin-d'Uriage
Canada;Tay Valley
France;Jonquieres
France;La Roque-d'Antheron
France;Gareoult
France;Lambres-les-Douai
France;Aiffres
France;Oye-Plage
France;Ventabren
Canada;South Bruce
France;Etoile-sur-Rhone
France;Chazelles-sur-Lyon
France;Neuville-de-Poitou
Canada;McMasterville
France;Le Barp
France;Ille-sur-Tet
France;Geveze
France;Valence
Canada;Redcliff
France;Saint-Cheron
France;Souppes-sur-Loing
France;Saint-Astier
France;Mulsanne
France;Beaucouze
France;Nueil-les-Aubiers
France;Aubigny-sur-Nere
France;Ploumagoar
France;Champagne-sur-Oise
France;Cancale
France;Brebieres
France;Commercy
France;Saint-Privat-des-Vieux
France;Drusenheim
France;Grand-Champ
France;Piolenc
Japan;Amagi
Japan;Hachirougata
France;Trilport
France;Plouhinec
France;Chatillon-sur-Seine
France;Faulquemont
France;Viry
France;Mirecourt
Canada;Saint-Philippe
France;Saint-Etienne-au-Mont
Japan;Kuzumaki
France;Cucq
France;Vic-le-Comte
France;Condat-sur-Vienne
Canada;Richelieu
Canada;Notre-Dame-du-Mont-Carmel
Canada;L'Ange-Gardien
Canada;Sainte-Martine
Japan;Asuka
France;Missillac
France;Penmarch
Japan;Taiki
France;Bedarrides
France;Longuyon
France;Marquise
France;La Grand-Combe
France;Chateaulin
Canada;Saint-Pie
France;Mouguerre
Canada;Peachland
Canada;Ashfield-Colborne-Wawanosh
France;Blere
France;Sully-sur-Loire
Japan;Takae
France;Rosheim
France;Chateau-Arnoux-Saint-Auban
Canada;Trent Lakes
France;La Ferriere
France;Rocbaron
Canada;Northern Rockies
France;Scaer
France;Rambervillers
France;Saint-Michel-Chef-Chef
France;Decize
Canada;West St. Paul
Canada;Windsor
France;Le Rove
Canada;Creston
Canada;Smithers
Canada;Cornwall
France;Ligne
Canada;Meadow Lake
France;Saint-Gilles
Canada;Lanark Highlands
France;La Balme-de-Sillingy
Canada;Sackville
France;Maze
France;Saint-Pourcain-sur-Sioule
Canada;Grand Falls
France;Mourmelon-le-Grand
France;Briare
Canada;Cochrane
France;Le Pellerin
Canada;Marystown
France;Saint-Germain-du-Puy
France;Locmaria-Plouzane
France;Villeneuve-sur-Yonne
France;Plesse
France;Grans
France;Bessan
France;Conches-en-Ouche
Japan;Naie
France;Cuges-les-Pins
Canada;Sioux Lookout
France;Peyrolles-en-Provence
France;Pourrieres
France;Le Bourget-du-Lac
Canada;Didsbury
Japan;Yamanaka
France;Champniers
France;Villers-le-Lac
France;Guemene-Penfao
France;Villette-d'Anthon
France;Parigne-l'Eveque
France;Servian
Canada;Fernie
Canada;Deer Lake
France;Luynes
France;La Souterraine
Canada;Woodstock
France;Laille
Canada;Val-David
France;Florensac
France;Forcalquier
Canada;Flin Flon
France;Sainte-Marie-aux-Mines
France;Saint-Mars-du-Desert
France;Muzillac
Canada;Hudson
France;La Garnache
France;Gruissan
Canada;Gananoque
Japan;Ochi
France;Cazouls-les-Beziers
France;Bitche
France;Tourves
Japan;Shibetsu
Japan;Oshamambe
Canada;Brokenhead
Canada;Saint-Paul
France;Montbard
France;Salbris
France;Lacanau
Canada;Westlock
Canada;Temiscouata-sur-le-Lac
Canada;Shannon
Canada;Osoyoos
Japan;Kaneyama
Canada;Hearst
Japan;Naganohara
Japan;Imagane
Canada;Antigonish
Canada;Corman Park No. 344
Canada;Happy Valley
Canada;Iqaluit
France;Evron
Canada;Brownsburg
Canada;Saint-Lambert-de-Lauzon
Canada;Muskoka Falls
Canada;Dysart et al
Canada;Beresford
Canada;Douglas
Canada;Princeville
Canada;Crowsnest Pass
Canada;Cookshire
Canada;Saint-Honore
Canada;Burton
Canada;Spallumcheen
Canada;Saint-Henri
Canada;Ste. Anne
